,Metals,Leathers,Tier 5 Cloth,Cloth,Tier 5 Leather,Tier 5 Metals,Any Craft Mods,Gemstones,Spirit Reagents,Life Reagents,Tier 5 Protective Reagents,Air Reagents,Water Reagents,Death Reagents,Fire Reagents,Tier 5 Offensive Reagents,Life Arcana,Earth Reagents,Fire Arcana,Wood,Refined Wood,Tier 5 Timber,Tier 5 Earth Reagents,Tier 5 Water Reagents,Tier 5 Air Reagents,Tier 5 Medicinal Reagents,Tier 5 Magical Reagents,Seasonings,Raw Foods,Tier 5 Raw Foods,Water Arcana,Precious Metals,Trinket Gem Settings,Trinket Bands,Trinket Chains,Trinket Hooks,Solvent,Refining Materials Tier 5,Tier 4 Metals,Tier 4 Protective Reagents,Tier 4 Offensive Reagents,Tier 4 Leather,Tier 4 Timber,Tier 4 Earth Reagents,Tier 4 Water Reagents,Tier 4 Air Reagents,Tier 4 Medicinal Reagents,Tier 4 Magical Reagents,Tier 4 Raw Foods,Tier 4 Cloth,Refining Materials Tier 4,Tier 3 Protective Reagents,Tier 3 Offensive Reagents,Tier 3 Cloth,Tier 3 Leather,Tier 3 Metals,Tier 3 Earth Reagents,Tier 3 Water Reagents,Tier 3 Air Reagents,Tier 3 Medicinal Reagents,Tier 3 Furs,Sandpaper,Refining Materials Tier 3,Tannin,Flux,Cloth Weave,Tier 2 Offensive Reagents,Fish,Raw Meats,Cooked Grain,Tier 2 Water Reagents,Tier 2 Protective Reagents,Tier 1 Magical Reagents,Tier 2 Metals,Tier 1 Medicinal Reagents,Tier 2 Cloth,Tier 2 Leather,Tier 2 Timber,Tier 1 Raw Foods,Tier 2 Medicinal Reagents,Tier 2 Raw Foods,Tier 2 Magical Reagents,Tier 3 Timber,Tier 3 Raw Foods,Tier 3 Magical Reagents,Tier 4 Furs,Tier 5 Furs
0,"('ingott5', 1)","('leathert5', 2)","('clotht5', 6)","('clotht5', 1)","('leathert5', 6)","('ingott5', 6)","('icegauntletcharmt4', 1)","('topazt4', 3)","('essencespiritt1', 1)","('essencelifet1', 1)","('spinefishfinst1', 1)","('essenceairt1', 1)","('essencewatert1', 1)","('essencedeatht1', 1)","('essencefiret1', 1)","('piranhatootht5', 1)","('alchemylifet3', 6)","('essenceeartht1', 1)","('essencefiret1', 6)","('timbert5', 5)","('timbert5', 2)","('timbert5', 13)","('essenceeartht1', 1)","('essencewatert1', 1)","('essenceairt1', 1)","('poisonstingert5', 1)","('dragonfishjawt5', 1)","('honeyt1', 2)","('fishingmishipeshut5', 1)","('tomatot1', 1)","('alchemywatert2', 6)","('ingott5', 1)","('trinket_settingt5', 1)","('trinket_bandt5', 1)","('trinket_chaint5', 1)","('trinket_hookt5', 1)","('solventt5', 2)","('clothweavet5', 20)","('ingott4', 12)","('rivercresst3', 1)","('shockbulbt3', 1)","('leathert4', 10)","('timbert4', 12)","('alchemyeartht3', 1)","('alchemywatert3', 1)","('alchemyairt3', 1)","('lifebloomt3', 1)","('soulsproutt3', 1)","('lemont1', 1)","('clotht4', 22)","('clothweavet4', 20)","('rivercresst2', 1)","('shockbulbt2', 1)","('clotht3', 6)","('leathert3', 10)","('ingott3', 12)","('alchemyeartht2', 1)","('alchemywatert2', 1)","('alchemyairt2', 1)","('lifebloomt2', 1)","('furt3', 26)","('sandpapert5', 1)","('clothweavet3', 20)","('tannint5', 1)","('fluxt5', 1)","('clothweavet5', 1)","('shockbulbt1', 1)","('fishingmishipeshut5', 3)","('poultryt1', 1)","('cornt1', 2)","('alchemywatert1', 1)","('rivercresst1', 1)","('briarbudst1', 1)","('ingott2', 12)","('bulrushcobt1', 1)","('clotht2', 11)","('leathert2', 22)","('timbert2', 12)","('milkt1', 1)","('lifebloomt1', 1)","('pastrycrustt1', 1)","('soulsproutt1', 1)","('timbert3', 13)","('blueberryt1', 1)","('soulsproutt2', 1)","('furt4', 12)","('furt5', 12)"
1,"('ingott2', 1)","('leathert2', 2)","('scaleclotht1', 6)","('clotht2', 1)","('scarhidet1', 6)","('tolviumt1', 6)","('icegauntletcharmt3', 1)","('topazt3', 3)","('alchemyspiritt3', 1)","('alchemylifet3', 1)","('earthshelltailt1', 1)","('alchemyairt3', 1)","('alchemywatert3', 1)","('alchemydeatht3', 1)","('alchemyfiret3', 1)","('blightmothdustt1', 1)","('alchemylifet1', 6)","('alchemyeartht3', 1)","('alchemyfiret1', 6)","('woodt5', 5)","('timbert2', 2)","('barbvinet1', 13)","('earthshelltailt1', 1)","('piranhatootht5', 1)","('lightningbeetlewingst1', 1)","('lifemotheyest1', 1)","('soulwyrmtonguet1', 1)","('seasoningblendt1', 2)","('fishingmerliont5', 1)","('coconutt1', 1)","('alchemywatert1', 6)","('ingotprecioust1', 1)","('trinket_settingt2', 1)","('trinket_bandt2', 1)","('trinket_chaint2', 1)","('trinket_hookt2', 1)","('solventt4', 2)","('solventt5', 20)","('azuritechunkt1', 12)","('earthspinet3', 1)","('dragongloryt3', 1)","('shifthidet1', 10)","('ebonwoodt1', 12)","('earthspinet3', 1)","('rivercresst3', 1)","('shockbulbt3', 1)",,,"('oranget1', 1)","('scalecordt1', 22)","('solventt4', 20)","('earthspinet2', 1)","('dragongloryt2', 1)","('phasefibert1', 6)","('shadowfurt1', 10)","('voidsteelt1', 12)","('earthspinet2', 1)","('rivercresst2', 1)","('shockbulbt2', 1)","('lodestonelifet1', 1)",,"('sandpapert4', 1)","('tannint3', 20)","('tannint4', 1)","('fluxt4', 1)","('clothweavet4', 1)","('dragongloryt1', 1)","('fishingmerliont5', 3)","('redmeatt1', 1)","('barleyt1', 2)","('rivercresst1', 1)","('earthspinet1', 1)",,"('faeiront1', 12)","('herbt1', 1)","('shadeclotht1', 11)","('ragehidet1', 22)","('petrifiedwoodt1', 12)","('mushroomt1', 1)","('glowingcapt1', 1)","('pastat1', 1)","('suncreepert1', 1)","('whisperwoodt1', 13)","('oniont1', 1)","('lodestonesoult1', 1)",,
2,"('faeiront1', 1)","('ragehidet1', 2)","('blisterweavet1', 6)","('shadeclotht1', 1)","('smolderhidet1', 6)","('cinnabart1', 6)","('icegauntletcharmt2', 1)","('topazt2', 3)","('alchemyspiritt2', 1)","('alchemylifet2', 1)",,"('alchemyairt2', 1)","('alchemywatert2', 1)","('alchemydeatht2', 1)","('alchemyfiret2', 1)","('lightningbeetlewingst1', 1)","('alchemylifet2', 6)","('alchemyeartht2', 1)","('alchemyfiret2', 6)","('woodt1', 5)","('petrifiedwoodt1', 2)","('wildwoodt1', 13)",,"('spinefishfinst1', 1)",,"('azothwatert1', 1)",,"('sugart1', 2)","('fishingabaiat5', 1)","('stringbeant1', 1)","('alchemywatert3', 6)","('ingotprecioust2', 1)","('trinket_settingt3', 1)","('trinket_bandt3', 1)","('trinket_chaint3', 1)","('trinket_hookt3', 1)","('solventt3', 2)","('tannint5', 20)","('blessedcruciblet1', 12)","('codeyet1', 1)","('blightroott3', 1)","('brightscalehidet1', 10)","('quillbarkt1', 12)",,,,,,"('cauliflowert1', 1)","('glintwoolt1', 22)","('tannint4', 20)","('lodestoneeartht1', 1)","('blightroott2', 1)",,"('scalyhidet1', 10)",,"('lodestoneeartht1', 1)","('lodestonewatert1', 1)","('lodestoneairt1', 1)","('sculpinscalest1', 1)",,"('sandpapert3', 1)","('sandpapert3', 20)","('tannint3', 1)","('fluxt3', 1)","('clothweavet3', 1)","('blightroott1', 1)","('fishingabaiat5', 3)","('meatsquidt1', 1)",,"('toadpott1', 1)","('twistcapt1', 1)",,,,,,,"('nutt1', 1)","('gillflowert1', 1)","('sausaget1', 1)","('tanglewispt1', 1)",,"('cabbaget1', 1)","('frogfishtailt1', 1)",,
3,"('ingott3', 1)","('leathert3', 2)","('clotht51', 6)","('clotht3', 1)","('leathert51', 6)","('ingott51', 6)","('icegauntletcharmt1', 1)","('topazt1', 3)","('alchemyspiritt1', 1)","('alchemylifet1', 1)",,"('alchemyairt1', 1)","('alchemywatert1', 1)","('alchemydeatht1', 1)","('alchemyfiret1', 1)","('salamanderslimet1', 1)","('essencelifet1', 6)","('alchemyeartht1', 1)","('alchemyfiret3', 6)","('timbert2', 5)","('timbert3', 2)","('timbert51', 13)",,,,,,"('saltt1', 2)","('fishinghafgufat5', 1)","('applet1', 1)","('essencewatert1', 6)","('ingotprecioust3', 1)","('trinket_settingt4', 1)","('trinket_bandt4', 1)","('trinket_chaint4', 1)","('trinket_hookt4', 1)",,"('sandpapert5', 20)",,,"('starfisht1', 1)",,"('hornt5', 12)",,,,,,"('broccolit1', 1)",,"('fluxt4', 20)","('lodestonewatert1', 1)","('lodestoneairt1', 1)",,,,,,,"('halibutviscerat1', 1)",,,"('fluxt3', 20)",,,,"('bloodsporet1', 1)","('fishinghafgufat5', 3)","('porkbellyt1', 1)",,,"('shellbedt1', 1)",,,,,,,"('poultryt1', 1)","('platecapt1', 1)","('breadt1', 1)","('bumbleblossomt1', 1)",,"('potatot1', 1)","('snailslimet1', 1)",,
4,"('voidsteelt1', 1)","('shadowfurt1', 2)",,"('phasefibert1', 1)",,,"('spearcharmt6', 1)","('sapphiret4', 3)","('dragonfishjawt5', 1)","('lifebloomt3', 1)",,"('shockbulbt3', 1)","('piranhatootht5', 1)","('poisonstingert5', 1)","('dragongloryt3', 1)",,,"('earthspinet3', 1)",,"('woodt2', 5)","('whisperwoodt1', 2)",,,,,,,"('garlict1', 2)","('fishingtessiet5', 1)","('ricet1', 1)",,"('ingott51', 1)","('trinket_settingt51', 1)","('trinket_bandt51', 1)","('trinket_chaint51', 1)","('trinket_hookt51', 1)",,,,,,,,,,,,,"('wheatt1', 1)",,,"('toadstoolfringet1', 1)","('lodestonedeatht1', 1)",,,,,,,,,,,,,,"('tendrilspinet1', 1)","('fishingtessiet5', 3)","('primeredmeatt1', 1)",,,"('petalcapt1', 1)",,,,,,,"('eggt1', 1)","('sporebloomt1', 1)","('carrott1', 1)",,,"('barleyt1', 1)","('catfishwhiskerst1', 1)",,
5,"('ingott4', 1)","('scalyhidet1', 2)",,"('clotht4', 1)",,,"('spearcharmt5', 1)","('sapphiret3', 3)","('soulsproutt3', 1)","('lifebloomt2', 1)",,"('shockbulbt2', 1)","('rivercresst3', 1)","('blightroott3', 1)","('dragongloryt2', 1)",,,"('earthspinet2', 1)",,"('timbert3', 5)","('timbert4', 2)",,,,,,,"('gingert1', 2)","('fishingogopogot5', 1)","('fishroet1', 1)",,,,,,,,,,,,,,,,,,,"('fisht4', 1)",,,"('fungalsporest1', 1)","('lodestonefiret1', 1)",,,,,,,,,,,,,,"('tubecapt1', 1)","('fishingogopogot5', 3)","('wolfloint1', 1)",,,"('toadpott1', 1)",,,,,,,"('fisht1', 1)",,"('cornt1', 1)",,,"('berryt1', 1)","('paddlefishgillst1', 1)",,
6,"('azuritechunkt1', 1)","('leathert4', 2)",,"('scalecordt1', 1)",,,"('spearcharmt4', 1)","('sapphiret2', 3)","('soulsproutt2', 1)","('lifebloomt1', 1)",,"('shockbulbt1', 1)","('rivercresst2', 1)","('blightroott2', 1)","('dragongloryt1', 1)",,,"('earthspinet1', 1)",,"('timbert4', 5)","('ebonwoodt1', 2)",,,,,,,"('paprikat1', 2)","('fishingnamazut5', 1)","('porkbellyt1', 1)",,,,,,,,,,,,,,,,,,,"('wolfloint1', 1)",,,,"('fungalslimet1', 1)",,,,,,,,,,,,,,"('voidpitchert1', 1)","('fishingnamazut5', 3)","('venisontenderloint1', 1)",,,"('spinecapt1', 1)",,,,,,,"('porkt1', 1)",,"('squasht1', 1)",,,"('melont1', 1)","('mushroomfinst1', 1)",,
7,"('blessedcruciblet1', 1)","('shifthidet1', 2)",,"('glintwoolt1', 1)",,,"('spearcharmt3', 1)","('sapphiret1', 3)","('soulsproutt1', 1)","('lifemotheyest1', 1)",,"('lightningbeetlewingst1', 1)","('rivercresst1', 1)","('blightroott1', 1)","('salamanderslimet1', 1)",,,"('earthshelltailt1', 1)",,"('woodt4', 5)","('quillbarkt1', 2)",,,,,,,"('nutmegt1', 2)","('fishingegedeserpet5', 1)","('primeredmeatt1', 1)",,,,,,,,,,,,,,,,,,,"('venisontenderloint1', 1)",,,,,,,,,,,,,,,,,,,"('fishingegedeserpet5', 3)","('rabbitt1', 1)",,,,,,,,,,"('meatgamet1', 1)",,"('cranberryt1', 1)",,,"('fisht3', 1)",,,
8,"('tolviumt1', 1)","('brightscalehidet1', 2)",,"('scaleclotht1', 1)",,,"('spearcharmt2', 1)","('rubyt4', 3)","('soulwyrmtonguet1', 1)","('lodestonelifet1', 1)",,"('lodestoneairt1', 1)","('spinefishfinst1', 1)","('blightmothdustt1', 1)","('lodestonefiret1', 1)",,,"('lodestoneeartht1', 1)",,"('timbert51', 5)","('hornt5', 2)",,,,,,,"('cinnamont1', 2)","('fishingmandjemandjet5', 1)","('rabbitt1', 1)",,,,,,,,,,,,,,,,,,,"('turkeybreastt1', 1)",,,,,,,,,,,,,,,,,,,"('fishingmandjemandjet5', 3)","('hamhockt1', 1)",,,,,,,,,,,,"('strawberryt1', 1)",,,"('meatsquidt1', 1)",,,
9,"('cinnabart1', 1)","('scarhidet1', 2)",,"('blisterweavet1', 1)",,,"('spearcharmt1', 1)","('rubyt3', 3)","('lodestonesoult1', 1)","('gillflowert1', 1)",,"('suncreepert1', 1)","('lodestonewatert1', 1)","('lodestonedeatht1', 1)","('bloodsporet1', 1)",,,"('petalcapt1', 1)",,,"('barbvinet1', 2)",,,,,,,"('peppercornt1', 2)","('fishingselkiet5', 1)","('bearflankt1', 1)",,,,,,,,,,,,,,,,,,,,,,,,,,,,,,,,,,,,,,"('fishingselkiet5', 3)","('bearflankt1', 1)",,,,,,,,,,,,"('fisht2', 1)",,,"('hamhockt1', 1)",,,
10,"('ingott51', 1)","('smolderhidet1', 2)",,"('clotht51', 1)",,,"('rapiercharmt6', 1)","('rubyt2', 3)","('shellbedt1', 1)","('tanglewispt1', 1)",,"('twistcapt1', 1)","('toadpott1', 1)","('sporebloomt1', 1)","('tendrilspinet1', 1)",,,,,,"('wildwoodt1', 2)",,,,,,,"('mintt1', 2)","('fishingmoragt5', 1)","('turkeythight1', 1)",,,,,,,,,,,,,,,,,,,,,,,,,,,,,,,,,,,,,,"('fishingmoragt5', 3)","('turkeythight1', 1)",,,,,,,,,,,,"('redmeatt1', 1)",,,"('venisont1', 1)",,,
11,,"('leathert51', 2)",,,,,"('rapiercharmt5', 1)","('rubyt1', 3)","('tubecapt1', 1)","('spinecapt1', 1)",,,,"('voidpitchert1', 1)","('platecapt1', 1)",,,,,,"('timbert51', 2)",,,,,,,"('saget1', 2)","('fishingbishopfisht5', 1)",,,,,,,,,,,,,,,,,,,,,,,,,,,,,,,,,,,,,,,"('fishingbishopfisht5', 3)","('turkeybreastt1', 1)",,,,,,,,,,,,,,,,,,
12,,,,,,,"('rapiercharmt4', 1)","('pearlt4', 3)","('bumbleblossomt1', 1)",,,,,,,,,,,,,,,,,,,"('tarragont1', 2)","('fishinganglerfisht5', 1)",,,,,,,,,,,,,,,,,,,,,,,,,,,,,,,,,,,,,,,"('fishinganglerfisht5', 3)","('porkt1', 1)",,,,,,,,,,,,,,,,,,
13,,,,,,,"('rapiercharmt3', 1)","('pearlt3', 3)",,,,,,,,,,,,,,,,,,,,"('rosemaryt1', 2)","('fishingmerrowt5', 1)",,,,,,,,,,,,,,,,,,,,,,,,,,,,,,,,,,,,,,,"('fishingmerrowt5', 3)","('venisont1', 1)",,,,,,,,,,,,,,,,,,
14,,,,,,,"('rapiercharmt2', 1)","('pearlt2', 3)",,,,,,,,,,,,,,,,,,,,"('parsleyt1', 2)","('fishingswordfishlarget3', 1)",,,,,,,,,,,,,,,,,,,,,,,,,,,,,,,,,,,,,,,"('fishingswordfishlarget3', 3)","('meatgamet1', 1)",,,,,,,,,,,,,,,,,,
15,,,,,,,"('rapiercharmt1', 1)","('pearlt1', 3)",,,,,,,,,,,,,,,,,,,,"('dillt1', 2)","('fishingswordfishmediumt3', 1)",,,,,,,,,,,,,,,,,,,,,,,,,,,,,,,,,,,,,,,"('fishingswordfishmediumt3', 3)",,,,,,,,,,,,,,,,,,,
16,,,,,,,"('firestaffcharmt6', 1)","('opalt4', 3)",,,,,,,,,,,,,,,,,,,,"('oreganot1', 2)","('fishingswordfishsmallt3', 1)",,,,,,,,,,,,,,,,,,,,,,,,,,,,,,,,,,,,,,,"('fishingswordfishsmallt3', 3)",,,,,,,,,,,,,,,,,,,
17,,,,,,,"('firestaffcharmt5', 1)","('opalt3', 3)",,,,,,,,,,,,,,,,,,,,"('thymet1', 2)","('fishingsculpinlarget3', 1)",,,,,,,,,,,,,,,,,,,,,,,,,,,,,,,,,,,,,,,"('fishingsculpinlarget3', 3)",,,,,,,,,,,,,,,,,,,
18,,,,,,,"('firestaffcharmt4', 1)","('opalt2', 3)",,,,,,,,,,,,,,,,,,,,"('saffront1', 2)","('fishingsculpinmediumt3', 1)",,,,,,,,,,,,,,,,,,,,,,,,,,,,,,,,,,,,,,,"('fishingsculpinmediumt3', 3)",,,,,,,,,,,,,,,,,,,
19,,,,,,,"('firestaffcharmt3', 1)","('opalt1', 3)",,,,,,,,,,,,,,,,,,,,"('basilt1', 2)","('fishingsculpinsmallt3', 1)",,,,,,,,,,,,,,,,,,,,,,,,,,,,,,,,,,,,,,,"('fishingsculpinsmallt3', 3)",,,,,,,,,,,,,,,,,,,
20,,,,,,,"('firestaffcharmt2', 1)","('onyxt4', 3)",,,,,,,,,,,,,,,,,,,,,"('fishingstingraylarget3', 1)",,,,,,,,,,,,,,,,,,,,,,,,,,,,,,,,,,,,,,,"('fishingstingraylarget3', 3)",,,,,,,,,,,,,,,,,,,
21,,,,,,,"('firestaffcharmt1', 1)","('onyxt3', 3)",,,,,,,,,,,,,,,,,,,,,"('fishingstingraymediumt3', 1)",,,,,,,,,,,,,,,,,,,,,,,,,,,,,,,,,,,,,,,"('fishingstingraymediumt3', 3)",,,,,,,,,,,,,,,,,,,
22,,,,,,,"('lifestaffcharmt6', 1)","('onyxt2', 3)",,,,,,,,,,,,,,,,,,,,,"('fishingstingraysmallt3', 1)",,,,,,,,,,,,,,,,,,,,,,,,,,,,,,,,,,,,,,,"('fishingstingraysmallt3', 3)",,,,,,,,,,,,,,,,,,,
23,,,,,,,"('lifestaffcharmt5', 1)","('onyxt1', 3)",,,,,,,,,,,,,,,,,,,,,"('fishingpearloystersmallt3', 1)",,,,,,,,,,,,,,,,,,,,,,,,,,,,,,,,,,,,,,,"('fishingpearloystersmallt3', 3)",,,,,,,,,,,,,,,,,,,
24,,,,,,,"('lifestaffcharmt4', 1)","('moonstonet4', 3)",,,,,,,,,,,,,,,,,,,,,"('fishingdragonfishlarget3', 1)",,,,,,,,,,,,,,,,,,,,,,,,,,,,,,,,,,,,,,,"('fishingdragonfishlarget3', 3)",,,,,,,,,,,,,,,,,,,
25,,,,,,,"('lifestaffcharmt3', 1)","('moonstonet3', 3)",,,,,,,,,,,,,,,,,,,,,"('fishingdragonfishmediumt3', 1)",,,,,,,,,,,,,,,,,,,,,,,,,,,,,,,,,,,,,,,"('fishingdragonfishmediumt3', 3)",,,,,,,,,,,,,,,,,,,
26,,,,,,,"('lifestaffcharmt2', 1)","('moonstonet2', 3)",,,,,,,,,,,,,,,,,,,,,"('fishingdragonfishsmallt3', 1)",,,,,,,,,,,,,,,,,,,,,,,,,,,,,,,,,,,,,,,"('fishingdragonfishsmallt3', 3)",,,,,,,,,,,,,,,,,,,
27,,,,,,,"('lifestaffcharmt1', 1)","('moonstonet1', 3)",,,,,,,,,,,,,,,,,,,,,"('fishingfrogfishlarget3', 1)",,,,,,,,,,,,,,,,,,,,,,,,,,,,,,,,,,,,,,,"('fishingfrogfishlarget3', 3)",,,,,,,,,,,,,,,,,,,
28,,,,,,,"('musketcharmt6', 1)","('malachitet4', 3)",,,,,,,,,,,,,,,,,,,,,"('fishingfrogfishmediumt3', 1)",,,,,,,,,,,,,,,,,,,,,,,,,,,,,,,,,,,,,,,"('fishingfrogfishmediumt3', 3)",,,,,,,,,,,,,,,,,,,
29,,,,,,,"('musketcharmt5', 1)","('malachitet3', 3)",,,,,,,,,,,,,,,,,,,,,"('fishingfrogfishsmallt3', 1)",,,,,,,,,,,,,,,,,,,,,,,,,,,,,,,,,,,,,,,"('fishingfrogfishsmallt3', 3)",,,,,,,,,,,,,,,,,,,
30,,,,,,,"('musketcharmt4', 1)","('malachitet2', 3)",,,,,,,,,,,,,,,,,,,,,"('fishingmadtomlarget3', 1)",,,,,,,,,,,,,,,,,,,,,,,,,,,,,,,,,,,,,,,"('fishingmadtomlarget3', 3)",,,,,,,,,,,,,,,,,,,
31,,,,,,,"('musketcharmt3', 1)","('malachitet1', 3)",,,,,,,,,,,,,,,,,,,,,"('fishingmadtommediumt3', 1)",,,,,,,,,,,,,,,,,,,,,,,,,,,,,,,,,,,,,,,"('fishingmadtommediumt3', 3)",,,,,,,,,,,,,,,,,,,
32,,,,,,,"('musketcharmt2', 1)","('jaspert4', 3)",,,,,,,,,,,,,,,,,,,,,"('fishingmadtomsmallt3', 1)",,,,,,,,,,,,,,,,,,,,,,,,,,,,,,,,,,,,,,,"('fishingmadtomsmallt3', 3)",,,,,,,,,,,,,,,,,,,
33,,,,,,,"('musketcharmt1', 1)","('jaspert3', 3)",,,,,,,,,,,,,,,,,,,,,"('fishingspeartoothsharklarget3', 1)",,,,,,,,,,,,,,,,,,,,,,,,,,,,,,,,,,,,,,,"('fishingspeartoothsharklarget3', 3)",,,,,,,,,,,,,,,,,,,
34,,,,,,,"('bowcharmt6', 1)","('jaspert2', 3)",,,,,,,,,,,,,,,,,,,,,"('fishingspeartoothsharkmediumt3', 1)",,,,,,,,,,,,,,,,,,,,,,,,,,,,,,,,,,,,,,,"('fishingspeartoothsharkmediumt3', 3)",,,,,,,,,,,,,,,,,,,
35,,,,,,,"('bowcharmt5', 1)","('jaspert1', 3)",,,,,,,,,,,,,,,,,,,,,"('fishingspeartoothsharksmallt3', 1)",,,,,,,,,,,,,,,,,,,,,,,,,,,,,,,,,,,,,,,"('fishingspeartoothsharksmallt3', 3)",,,,,,,,,,,,,,,,,,,
36,,,,,,,"('bowcharmt4', 1)","('emeraldt4', 3)",,,,,,,,,,,,,,,,,,,,,"('fishingpaddlefishlarget3', 1)",,,,,,,,,,,,,,,,,,,,,,,,,,,,,,,,,,,,,,,"('fishingpaddlefishlarget3', 3)",,,,,,,,,,,,,,,,,,,
37,,,,,,,"('bowcharmt3', 1)","('emeraldt3', 3)",,,,,,,,,,,,,,,,,,,,,"('fishingpaddlefishmediumt3', 1)",,,,,,,,,,,,,,,,,,,,,,,,,,,,,,,,,,,,,,,"('fishingpaddlefishmediumt3', 3)",,,,,,,,,,,,,,,,,,,
38,,,,,,,"('bowcharmt2', 1)","('emeraldt2', 3)",,,,,,,,,,,,,,,,,,,,,"('fishingpaddlefishsmallt3', 1)",,,,,,,,,,,,,,,,,,,,,,,,,,,,,,,,,,,,,,,"('fishingpaddlefishsmallt3', 3)",,,,,,,,,,,,,,,,,,,
39,,,,,,,"('bowcharmt1', 1)","('emeraldt1', 3)",,,,,,,,,,,,,,,,,,,,,"('fishingpiranhalarget3', 1)",,,,,,,,,,,,,,,,,,,,,,,,,,,,,,,,,,,,,,,"('fishingpiranhalarget3', 3)",,,,,,,,,,,,,,,,,,,
40,,,,,,,"('2haxecharmt6', 1)","('diamondt4', 3)",,,,,,,,,,,,,,,,,,,,,"('fishingpiranhamediumt3', 1)",,,,,,,,,,,,,,,,,,,,,,,,,,,,,,,,,,,,,,,"('fishingpiranhamediumt3', 3)",,,,,,,,,,,,,,,,,,,
41,,,,,,,"('2haxecharmt5', 1)","('diamondt3', 3)",,,,,,,,,,,,,,,,,,,,,"('fishingpiranhasmallt3', 1)",,,,,,,,,,,,,,,,,,,,,,,,,,,,,,,,,,,,,,,"('fishingpiranhasmallt3', 3)",,,,,,,,,,,,,,,,,,,
42,,,,,,,"('2haxecharmt4', 1)","('diamondt2', 3)",,,,,,,,,,,,,,,,,,,,,"('fishingsquidlarget2', 1)",,,,,,,,,,,,,,,,,,,,,,,,,,,,,,,,,,,,,,,"('fishingsquidlarget2', 3)",,,,,,,,,,,,,,,,,,,
43,,,,,,,"('2haxecharmt3', 1)","('diamondt1', 3)",,,,,,,,,,,,,,,,,,,,,"('fishingsquidmediumt2', 1)",,,,,,,,,,,,,,,,,,,,,,,,,,,,,,,,,,,,,,,"('fishingsquidmediumt2', 3)",,,,,,,,,,,,,,,,,,,
44,,,,,,,"('2haxecharmt2', 1)","('carneliant4', 3)",,,,,,,,,,,,,,,,,,,,,"('fishingsquidsmallt2', 1)",,,,,,,,,,,,,,,,,,,,,,,,,,,,,,,,,,,,,,,"('fishingsquidsmallt2', 3)",,,,,,,,,,,,,,,,,,,
45,,,,,,,"('2haxecharmt1', 1)","('carneliant3', 3)",,,,,,,,,,,,,,,,,,,,,"('fishingclamssmallt2', 1)",,,,,,,,,,,,,,,,,,,,,,,,,,,,,,,,,,,,,,,"('fishingclamssmallt2', 3)",,,,,,,,,,,,,,,,,,,
46,,,,,,,"('2hhammercharmt6', 1)","('carneliant2', 3)",,,,,,,,,,,,,,,,,,,,,"('fishinghalibutlarget2', 1)",,,,,,,,,,,,,,,,,,,,,,,,,,,,,,,,,,,,,,,"('fishinghalibutlarget2', 3)",,,,,,,,,,,,,,,,,,,
47,,,,,,,"('2hhammercharmt5', 1)","('carneliant1', 3)",,,,,,,,,,,,,,,,,,,,,"('fishinghalibutmediumt2', 1)",,,,,,,,,,,,,,,,,,,,,,,,,,,,,,,,,,,,,,,"('fishinghalibutmediumt2', 3)",,,,,,,,,,,,,,,,,,,
48,,,,,,,"('2hhammercharmt4', 1)","('aquamarinet4', 3)",,,,,,,,,,,,,,,,,,,,,"('fishinghalibutsmallt2', 1)",,,,,,,,,,,,,,,,,,,,,,,,,,,,,,,,,,,,,,,"('fishinghalibutsmallt2', 3)",,,,,,,,,,,,,,,,,,,
49,,,,,,,"('2hhammercharmt3', 1)","('aquamarinet3', 3)",,,,,,,,,,,,,,,,,,,,,"('fishingcodlarget2', 1)",,,,,,,,,,,,,,,,,,,,,,,,,,,,,,,,,,,,,,,"('fishingcodlarget2', 3)",,,,,,,,,,,,,,,,,,,
50,,,,,,,"('2hhammercharmt2', 1)","('aquamarinet2', 3)",,,,,,,,,,,,,,,,,,,,,"('fishingcodmediumt2', 1)",,,,,,,,,,,,,,,,,,,,,,,,,,,,,,,,,,,,,,,"('fishingcodmediumt2', 3)",,,,,,,,,,,,,,,,,,,
51,,,,,,,"('2hhammercharmt1', 1)","('aquamarinet1', 3)",,,,,,,,,,,,,,,,,,,,,"('fishingcodsmallt2', 1)",,,,,,,,,,,,,,,,,,,,,,,,,,,,,,,,,,,,,,,"('fishingcodsmallt2', 3)",,,,,,,,,,,,,,,,,,,
52,,,,,,,"('hatchetcharmt6', 1)","('amethystt4', 3)",,,,,,,,,,,,,,,,,,,,,"('fishingcatfishlarget2', 1)",,,,,,,,,,,,,,,,,,,,,,,,,,,,,,,,,,,,,,,"('fishingcatfishlarget2', 3)",,,,,,,,,,,,,,,,,,,
53,,,,,,,"('hatchetcharmt5', 1)","('amethystt3', 3)",,,,,,,,,,,,,,,,,,,,,"('fishingcatfishmediumt2', 1)",,,,,,,,,,,,,,,,,,,,,,,,,,,,,,,,,,,,,,,"('fishingcatfishmediumt2', 3)",,,,,,,,,,,,,,,,,,,
54,,,,,,,"('hatchetcharmt4', 1)","('amethystt2', 3)",,,,,,,,,,,,,,,,,,,,,"('fishingcatfishsmallt2', 1)",,,,,,,,,,,,,,,,,,,,,,,,,,,,,,,,,,,,,,,"('fishingcatfishsmallt2', 3)",,,,,,,,,,,,,,,,,,,
55,,,,,,,"('hatchetcharmt3', 1)","('amethystt1', 3)",,,,,,,,,,,,,,,,,,,,,"('fishingsturgeonlarget2', 1)",,,,,,,,,,,,,,,,,,,,,,,,,,,,,,,,,,,,,,,"('fishingsturgeonlarget2', 3)",,,,,,,,,,,,,,,,,,,
56,,,,,,,"('hatchetcharmt2', 1)","('ambert4', 3)",,,,,,,,,,,,,,,,,,,,,"('fishingsturgeonmediumt2', 1)",,,,,,,,,,,,,,,,,,,,,,,,,,,,,,,,,,,,,,,"('fishingsturgeonmediumt2', 3)",,,,,,,,,,,,,,,,,,,
57,,,,,,,"('hatchetcharmt1', 1)","('ambert3', 3)",,,,,,,,,,,,,,,,,,,,,"('fishingsturgeonsmallt2', 1)",,,,,,,,,,,,,,,,,,,,,,,,,,,,,,,,,,,,,,,"('fishingsturgeonsmallt2', 3)",,,,,,,,,,,,,,,,,,,
58,,,,,,,"('shieldcharmt3', 1)","('ambert2', 3)",,,,,,,,,,,,,,,,,,,,,"('fishinghakelarget1', 1)",,,,,,,,,,,,,,,,,,,,,,,,,,,,,,,,,,,,,,,"('fishinghakelarget1', 3)",,,,,,,,,,,,,,,,,,,
59,,,,,,,"('shieldcharmt2', 1)","('ambert1', 3)",,,,,,,,,,,,,,,,,,,,,"('fishinghakemediumt1', 1)",,,,,,,,,,,,,,,,,,,,,,,,,,,,,,,,,,,,,,,"('fishinghakemediumt1', 3)",,,,,,,,,,,,,,,,,,,
60,,,,,,,"('shieldcharmt1', 1)",,,,,,,,,,,,,,,,,,,,,,"('fishinghakesmallt1', 1)",,,,,,,,,,,,,,,,,,,,,,,,,,,,,,,,,,,,,,,"('fishinghakesmallt1', 3)",,,,,,,,,,,,,,,,,,,
61,,,,,,,"('swordcharmt3', 1)",,,,,,,,,,,,,,,,,,,,,,"('fishingbluefishlarget1', 1)",,,,,,,,,,,,,,,,,,,,,,,,,,,,,,,,,,,,,,,"('fishingbluefishlarget1', 3)",,,,,,,,,,,,,,,,,,,
62,,,,,,,"('swordcharmt2', 1)",,,,,,,,,,,,,,,,,,,,,,"('fishingbluefishmediumt1', 1)",,,,,,,,,,,,,,,,,,,,,,,,,,,,,,,,,,,,,,,"('fishingbluefishmediumt1', 3)",,,,,,,,,,,,,,,,,,,
63,,,,,,,"('swordcharmt1', 1)",,,,,,,,,,,,,,,,,,,,,,"('fishingbluefishsmallt1', 1)",,,,,,,,,,,,,,,,,,,,,,,,,,,,,,,,,,,,,,,"('fishingbluefishsmallt1', 3)",,,,,,,,,,,,,,,,,,,
64,,,,,,,"('wyrdwoodsapt3', 1)",,,,,,,,,,,,,,,,,,,,,,"('fishingflounderlarget1', 1)",,,,,,,,,,,,,,,,,,,,,,,,,,,,,,,,,,,,,,,"('fishingflounderlarget1', 3)",,,,,,,,,,,,,,,,,,,
65,,,,,,,"('wyrdwoodsapt2', 1)",,,,,,,,,,,,,,,,,,,,,,"('fishingfloundermediumt1', 1)",,,,,,,,,,,,,,,,,,,,,,,,,,,,,,,,,,,,,,,"('fishingfloundermediumt1', 3)",,,,,,,,,,,,,,,,,,,
66,,,,,,,"('wyrdwoodsapt1', 1)",,,,,,,,,,,,,,,,,,,,,,"('fishingfloundersmallt1', 1)",,,,,,,,,,,,,,,,,,,,,,,,,,,,,,,,,,,,,,,"('fishingfloundersmallt1', 3)",,,,,,,,,,,,,,,,,,,
67,,,,,,,"('wyrdwoodresint3', 1)",,,,,,,,,,,,,,,,,,,,,,"('fishingsnapperlarget1', 1)",,,,,,,,,,,,,,,,,,,,,,,,,,,,,,,,,,,,,,,"('fishingsnapperlarget1', 3)",,,,,,,,,,,,,,,,,,,
68,,,,,,,"('wyrdwoodresint2', 1)",,,,,,,,,,,,,,,,,,,,,,"('fishingsnappermediumt1', 1)",,,,,,,,,,,,,,,,,,,,,,,,,,,,,,,,,,,,,,,"('fishingsnappermediumt1', 3)",,,,,,,,,,,,,,,,,,,
69,,,,,,,"('wyrdwoodresint1', 1)",,,,,,,,,,,,,,,,,,,,,,"('fishingsnappersmallt1', 1)",,,,,,,,,,,,,,,,,,,,,,,,,,,,,,,,,,,,,,,"('fishingsnappersmallt1', 3)",,,,,,,,,,,,,,,,,,,
70,,,,,,,"('writhingvinest3', 1)",,,,,,,,,,,,,,,,,,,,,,"('fishingmackerellarget1', 1)",,,,,,,,,,,,,,,,,,,,,,,,,,,,,,,,,,,,,,,"('fishingmackerellarget1', 3)",,,,,,,,,,,,,,,,,,,
71,,,,,,,"('writhingvinest2', 1)",,,,,,,,,,,,,,,,,,,,,,"('fishingmackerelmediumt1', 1)",,,,,,,,,,,,,,,,,,,,,,,,,,,,,,,,,,,,,,,"('fishingmackerelmediumt1', 3)",,,,,,,,,,,,,,,,,,,
72,,,,,,,"('writhingvinest1', 1)",,,,,,,,,,,,,,,,,,,,,,"('fishingmackerelsmallt1', 1)",,,,,,,,,,,,,,,,,,,,,,,,,,,,,,,,,,,,,,,"('fishingmackerelsmallt1', 3)",,,,,,,,,,,,,,,,,,,
73,,,,,,,"('writhingbriart3', 1)",,,,,,,,,,,,,,,,,,,,,,"('fishingsalmonlarget1', 1)",,,,,,,,,,,,,,,,,,,,,,,,,,,,,,,,,,,,,,,"('fishingsalmonlarget1', 3)",,,,,,,,,,,,,,,,,,,
74,,,,,,,"('writhingbriart2', 1)",,,,,,,,,,,,,,,,,,,,,,"('fishingsalmonmediumt1', 1)",,,,,,,,,,,,,,,,,,,,,,,,,,,,,,,,,,,,,,,"('fishingsalmonmediumt1', 3)",,,,,,,,,,,,,,,,,,,
75,,,,,,,"('writhingbriart1', 1)",,,,,,,,,,,,,,,,,,,,,,"('fishingsalmonsmallt1', 1)",,,,,,,,,,,,,,,,,,,,,,,,,,,,,,,,,,,,,,,"('fishingsalmonsmallt1', 3)",,,,,,,,,,,,,,,,,,,
76,,,,,,,"('wolfpawt3', 1)",,,,,,,,,,,,,,,,,,,,,,"('fishingsunfishlarget1', 1)",,,,,,,,,,,,,,,,,,,,,,,,,,,,,,,,,,,,,,,"('fishingsunfishlarget1', 3)",,,,,,,,,,,,,,,,,,,
77,,,,,,,"('wolfpawt2', 1)",,,,,,,,,,,,,,,,,,,,,,"('fishingsunfishmediumt1', 1)",,,,,,,,,,,,,,,,,,,,,,,,,,,,,,,,,,,,,,,"('fishingsunfishmediumt1', 3)",,,,,,,,,,,,,,,,,,,
78,,,,,,,"('wolfpawt1', 1)",,,,,,,,,,,,,,,,,,,,,,"('fishingsunfishsmallt1', 1)",,,,,,,,,,,,,,,,,,,,,,,,,,,,,,,,,,,,,,,"('fishingsunfishsmallt1', 3)",,,,,,,,,,,,,,,,,,,
79,,,,,,,"('wolfessencet3', 1)",,,,,,,,,,,,,,,,,,,,,,"('fishingtroutlarget1', 1)",,,,,,,,,,,,,,,,,,,,,,,,,,,,,,,,,,,,,,,"('fishingtroutlarget1', 3)",,,,,,,,,,,,,,,,,,,
80,,,,,,,"('wolfessencet2', 1)",,,,,,,,,,,,,,,,,,,,,,"('fishingtroutmediumt1', 1)",,,,,,,,,,,,,,,,,,,,,,,,,,,,,,,,,,,,,,,"('fishingtroutmediumt1', 3)",,,,,,,,,,,,,,,,,,,
81,,,,,,,"('wolfessencet1', 1)",,,,,,,,,,,,,,,,,,,,,,"('fishingtroutsmallt1', 1)",,,,,,,,,,,,,,,,,,,,,,,,,,,,,,,,,,,,,,,"('fishingtroutsmallt1', 3)",,,,,,,,,,,,,,,,,,,
82,,,,,,,"('witheredessencet3', 1)",,,,,,,,,,,,,,,,,,,,,,"('fishingpikelarget1', 1)",,,,,,,,,,,,,,,,,,,,,,,,,,,,,,,,,,,,,,,"('fishingpikelarget1', 3)",,,,,,,,,,,,,,,,,,,
83,,,,,,,"('witheredessencet2', 1)",,,,,,,,,,,,,,,,,,,,,,"('fishingpikemediumt1', 1)",,,,,,,,,,,,,,,,,,,,,,,,,,,,,,,,,,,,,,,"('fishingpikemediumt1', 3)",,,,,,,,,,,,,,,,,,,
84,,,,,,,"('witheredessencet1', 1)",,,,,,,,,,,,,,,,,,,,,,"('fishingpikesmallt1', 1)",,,,,,,,,,,,,,,,,,,,,,,,,,,,,,,,,,,,,,,"('fishingpikesmallt1', 3)",,,,,,,,,,,,,,,,,,,
85,,,,,,,"('whetstonet3', 1)",,,,,,,,,,,,,,,,,,,,,,"('fishingperchlarget1', 1)",,,,,,,,,,,,,,,,,,,,,,,,,,,,,,,,,,,,,,,"('fishingperchlarget1', 3)",,,,,,,,,,,,,,,,,,,
86,,,,,,,"('whetstonet2', 1)",,,,,,,,,,,,,,,,,,,,,,"('fishingperchmediumt1', 1)",,,,,,,,,,,,,,,,,,,,,,,,,,,,,,,,,,,,,,,"('fishingperchmediumt1', 3)",,,,,,,,,,,,,,,,,,,
87,,,,,,,"('whetstonet1', 1)",,,,,,,,,,,,,,,,,,,,,,"('fishingperchsmallt1', 1)",,,,,,,,,,,,,,,,,,,,,,,,,,,,,,,,,,,,,,,"('fishingperchsmallt1', 3)",,,,,,,,,,,,,,,,,,,
88,,,,,,,"('weaponsmithcharmt3', 1)",,,,,,,,,,,,,,,,,,,,,,"('fishingbasslarget1', 1)",,,,,,,,,,,,,,,,,,,,,,,,,,,,,,,,,,,,,,,"('fishingbasslarget1', 3)",,,,,,,,,,,,,,,,,,,
89,,,,,,,"('weaponsmithcharmt2', 1)",,,,,,,,,,,,,,,,,,,,,,"('fishingbassmediumt1', 1)",,,,,,,,,,,,,,,,,,,,,,,,,,,,,,,,,,,,,,,"('fishingbassmediumt1', 3)",,,,,,,,,,,,,,,,,,,
90,,,,,,,"('weaponsmithcharmt1', 1)",,,,,,,,,,,,,,,,,,,,,,"('fishingbasssmallt1', 1)",,,,,,,,,,,,,,,,,,,,,,,,,,,,,,,,,,,,,,,"('fishingbasssmallt1', 3)",,,,,,,,,,,,,,,,,,,
91,,,,,,,"('viscousazotht3', 1)",,,,,,,,,,,,,,,,,,,,,,"('blueberryt1', 1)",,,,,,,,,,,,,,,,,,,,,,,,,,,,,,,,,,,,,,,"('fisht4', 3)",,,,,,,,,,,,,,,,,,,
92,,,,,,,"('viscousazotht2', 1)",,,,,,,,,,,,,,,,,,,,,,"('oniont1', 1)",,,,,,,,,,,,,,,,,,,,,,,,,,,,,,,,,,,,,,,"('fisht3', 3)",,,,,,,,,,,,,,,,,,,
93,,,,,,,"('viscousazotht1', 1)",,,,,,,,,,,,,,,,,,,,,,"('tomatot1', 1)",,,,,,,,,,,,,,,,,,,,,,,,,,,,,,,,,,,,,,,"('fisht2', 3)",,,,,,,,,,,,,,,,,,,
94,,,,,,,"('verbenat3', 1)",,,,,,,,,,,,,,,,,,,,,,"('milkt1', 1)",,,,,,,,,,,,,,,,,,,,,,,,,,,,,,,,,,,,,,,"('fisht1', 3)",,,,,,,,,,,,,,,,,,,
95,,,,,,,"('verbenat2', 1)",,,,,,,,,,,,,,,,,,,,,,"('coconutt1', 1)",,,,,,,,,,,,,,,,,,,,,,,,,,,,,,,,,,,,,,,,,,,,,,,,,,,,,,,,,,
96,,,,,,,"('verbenat1', 1)",,,,,,,,,,,,,,,,,,,,,,"('stringbeant1', 1)",,,,,,,,,,,,,,,,,,,,,,,,,,,,,,,,,,,,,,,,,,,,,,,,,,,,,,,,,,
97,,,,,,,"('travelersstonet3', 1)",,,,,,,,,,,,,,,,,,,,,,"('applet1', 1)",,,,,,,,,,,,,,,,,,,,,,,,,,,,,,,,,,,,,,,,,,,,,,,,,,,,,,,,,,
98,,,,,,,"('travelersstonet2', 1)",,,,,,,,,,,,,,,,,,,,,,"('lemont1', 1)",,,,,,,,,,,,,,,,,,,,,,,,,,,,,,,,,,,,,,,,,,,,,,,,,,,,,,,,,,
99,,,,,,,"('travelersstonet1', 1)",,,,,,,,,,,,,,,,,,,,,,"('oranget1', 1)",,,,,,,,,,,,,,,,,,,,,,,,,,,,,,,,,,,,,,,,,,,,,,,,,,,,,,,,,,
100,,,,,,,"('travelerscharmt3', 1)",,,,,,,,,,,,,,,,,,,,,,"('pastrycrustt1', 1)",,,,,,,,,,,,,,,,,,,,,,,,,,,,,,,,,,,,,,,,,,,,,,,,,,,,,,,,,,
101,,,,,,,"('travelerscharmt2', 1)",,,,,,,,,,,,,,,,,,,,,,"('pastat1', 1)",,,,,,,,,,,,,,,,,,,,,,,,,,,,,,,,,,,,,,,,,,,,,,,,,,,,,,,,,,
102,,,,,,,"('travelerscharmt1', 1)",,,,,,,,,,,,,,,,,,,,,,"('sausaget1', 1)",,,,,,,,,,,,,,,,,,,,,,,,,,,,,,,,,,,,,,,,,,,,,,,,,,,,,,,,,,
103,,,,,,,"('thunderstonet3', 1)",,,,,,,,,,,,,,,,,,,,,,"('breadt1', 1)",,,,,,,,,,,,,,,,,,,,,,,,,,,,,,,,,,,,,,,,,,,,,,,,,,,,,,,,,,
104,,,,,,,"('thunderstonet2', 1)",,,,,,,,,,,,,,,,,,,,,,"('cauliflowert1', 1)",,,,,,,,,,,,,,,,,,,,,,,,,,,,,,,,,,,,,,,,,,,,,,,,,,,,,,,,,,
105,,,,,,,"('thunderstonet1', 1)",,,,,,,,,,,,,,,,,,,,,,"('mushroomt1', 1)",,,,,,,,,,,,,,,,,,,,,,,,,,,,,,,,,,,,,,,,,,,,,,,,,,,,,,,,,,
106,,,,,,,"('tallowt3', 1)",,,,,,,,,,,,,,,,,,,,,,"('honeyt1', 1)",,,,,,,,,,,,,,,,,,,,,,,,,,,,,,,,,,,,,,,,,,,,,,,,,,,,,,,,,,
107,,,,,,,"('tallowt2', 1)",,,,,,,,,,,,,,,,,,,,,,"('cabbaget1', 1)",,,,,,,,,,,,,,,,,,,,,,,,,,,,,,,,,,,,,,,,,,,,,,,,,,,,,,,,,,
108,,,,,,,"('tallowt1', 1)",,,,,,,,,,,,,,,,,,,,,,"('carrott1', 1)",,,,,,,,,,,,,,,,,,,,,,,,,,,,,,,,,,,,,,,,,,,,,,,,,,,,,,,,,,
109,,,,,,,"('sparkmetalt3', 1)",,,,,,,,,,,,,,,,,,,,,,"('cornt1', 1)",,,,,,,,,,,,,,,,,,,,,,,,,,,,,,,,,,,,,,,,,,,,,,,,,,,,,,,,,,
110,,,,,,,"('sparkmetalt2', 1)",,,,,,,,,,,,,,,,,,,,,,"('potatot1', 1)",,,,,,,,,,,,,,,,,,,,,,,,,,,,,,,,,,,,,,,,,,,,,,,,,,,,,,,,,,
111,,,,,,,"('sparkmetalt1', 1)",,,,,,,,,,,,,,,,,,,,,,"('barleyt1', 1)",,,,,,,,,,,,,,,,,,,,,,,,,,,,,,,,,,,,,,,,,,,,,,,,,,,,,,,,,,
112,,,,,,,"('skinnercharmt3', 1)",,,,,,,,,,,,,,,,,,,,,,"('berryt1', 1)",,,,,,,,,,,,,,,,,,,,,,,,,,,,,,,,,,,,,,,,,,,,,,,,,,,,,,,,,,
113,,,,,,,"('skinnercharmt2', 1)",,,,,,,,,,,,,,,,,,,,,,"('nutt1', 1)",,,,,,,,,,,,,,,,,,,,,,,,,,,,,,,,,,,,,,,,,,,,,,,,,,,,,,,,,,
114,,,,,,,"('skinnercharmt1', 1)",,,,,,,,,,,,,,,,,,,,,,"('squasht1', 1)",,,,,,,,,,,,,,,,,,,,,,,,,,,,,,,,,,,,,,,,,,,,,,,,,,,,,,,,,,
115,,,,,,,"('sapt3', 1)",,,,,,,,,,,,,,,,,,,,,,"('melont1', 1)",,,,,,,,,,,,,,,,,,,,,,,,,,,,,,,,,,,,,,,,,,,,,,,,,,,,,,,,,,
116,,,,,,,"('sapt2', 1)",,,,,,,,,,,,,,,,,,,,,,"('broccolit1', 1)",,,,,,,,,,,,,,,,,,,,,,,,,,,,,,,,,,,,,,,,,,,,,,,,,,,,,,,,,,
117,,,,,,,"('sapt1', 1)",,,,,,,,,,,,,,,,,,,,,,"('cranberryt1', 1)",,,,,,,,,,,,,,,,,,,,,,,,,,,,,,,,,,,,,,,,,,,,,,,,,,,,,,,,,,
118,,,,,,,"('rivetedmailt3', 1)",,,,,,,,,,,,,,,,,,,,,,"('strawberryt1', 1)",,,,,,,,,,,,,,,,,,,,,,,,,,,,,,,,,,,,,,,,,,,,,,,,,,,,,,,,,,
119,,,,,,,"('rivetedmailt2', 1)",,,,,,,,,,,,,,,,,,,,,,"('poultryt1', 1)",,,,,,,,,,,,,,,,,,,,,,,,,,,,,,,,,,,,,,,,,,,,,,,,,,,,,,,,,,
120,,,,,,,"('rivetedmailt1', 1)",,,,,,,,,,,,,,,,,,,,,,"('eggt1', 1)",,,,,,,,,,,,,,,,,,,,,,,,,,,,,,,,,,,,,,,,,,,,,,,,,,,,,,,,,,
121,,,,,,,"('resint3', 1)",,,,,,,,,,,,,,,,,,,,,,"('ricet1', 1)",,,,,,,,,,,,,,,,,,,,,,,,,,,,,,,,,,,,,,,,,,,,,,,,,,,,,,,,,,
122,,,,,,,"('resint2', 1)",,,,,,,,,,,,,,,,,,,,,,"('wheatt1', 1)",,,,,,,,,,,,,,,,,,,,,,,,,,,,,,,,,,,,,,,,,,,,,,,,,,,,,,,,,,
123,,,,,,,"('resint1', 1)",,,,,,,,,,,,,,,,,,,,,,"('fisht4', 1)",,,,,,,,,,,,,,,,,,,,,,,,,,,,,,,,,,,,,,,,,,,,,,,,,,,,,,,,,,
124,,,,,,,"('quicksilvert3', 1)",,,,,,,,,,,,,,,,,,,,,,"('fisht3', 1)",,,,,,,,,,,,,,,,,,,,,,,,,,,,,,,,,,,,,,,,,,,,,,,,,,,,,,,,,,
125,,,,,,,"('quicksilvert2', 1)",,,,,,,,,,,,,,,,,,,,,,"('fisht2', 1)",,,,,,,,,,,,,,,,,,,,,,,,,,,,,,,,,,,,,,,,,,,,,,,,,,,,,,,,,,
126,,,,,,,"('quicksilvert1', 1)",,,,,,,,,,,,,,,,,,,,,,"('fisht1', 1)",,,,,,,,,,,,,,,,,,,,,,,,,,,,,,,,,,,,,,,,,,,,,,,,,,,,,,,,,,
127,,,,,,,"('nitert3', 1)",,,,,,,,,,,,,,,,,,,,,,"('redmeatt1', 1)",,,,,,,,,,,,,,,,,,,,,,,,,,,,,,,,,,,,,,,,,,,,,,,,,,,,,,,,,,
128,,,,,,,"('nitert2', 1)",,,,,,,,,,,,,,,,,,,,,,"('meatsquidt1', 1)",,,,,,,,,,,,,,,,,,,,,,,,,,,,,,,,,,,,,,,,,,,,,,,,,,,,,,,,,,
129,,,,,,,"('nitert1', 1)",,,,,,,,,,,,,,,,,,,,,,"('fishroet1', 1)",,,,,,,,,,,,,,,,,,,,,,,,,,,,,,,,,,,,,,,,,,,,,,,,,,,,,,,,,,
130,,,,,,,"('minercharmt3', 1)",,,,,,,,,,,,,,,,,,,,,,"('porkbellyt1', 1)",,,,,,,,,,,,,,,,,,,,,,,,,,,,,,,,,,,,,,,,,,,,,,,,,,,,,,,,,,
131,,,,,,,"('minercharmt2', 1)",,,,,,,,,,,,,,,,,,,,,,"('primeredmeatt1', 1)",,,,,,,,,,,,,,,,,,,,,,,,,,,,,,,,,,,,,,,,,,,,,,,,,,,,,,,,,,
132,,,,,,,"('minercharmt1', 1)",,,,,,,,,,,,,,,,,,,,,,"('wolfloint1', 1)",,,,,,,,,,,,,,,,,,,,,,,,,,,,,,,,,,,,,,,,,,,,,,,,,,,,,,,,,,
133,,,,,,,"('mangyhidet3', 1)",,,,,,,,,,,,,,,,,,,,,,"('venisontenderloint1', 1)",,,,,,,,,,,,,,,,,,,,,,,,,,,,,,,,,,,,,,,,,,,,,,,,,,,,,,,,,,
134,,,,,,,"('mangyhidet2', 1)",,,,,,,,,,,,,,,,,,,,,,"('rabbitt1', 1)",,,,,,,,,,,,,,,,,,,,,,,,,,,,,,,,,,,,,,,,,,,,,,,,,,,,,,,,,,
135,,,,,,,"('mangyhidet1', 1)",,,,,,,,,,,,,,,,,,,,,,"('hamhockt1', 1)",,,,,,,,,,,,,,,,,,,,,,,,,,,,,,,,,,,,,,,,,,,,,,,,,,,,,,,,,,
136,,,,,,,"('lumberjackcharmt3', 1)",,,,,,,,,,,,,,,,,,,,,,"('bearflankt1', 1)",,,,,,,,,,,,,,,,,,,,,,,,,,,,,,,,,,,,,,,,,,,,,,,,,,,,,,,,,,
137,,,,,,,"('lumberjackcharmt2', 1)",,,,,,,,,,,,,,,,,,,,,,"('turkeythight1', 1)",,,,,,,,,,,,,,,,,,,,,,,,,,,,,,,,,,,,,,,,,,,,,,,,,,,,,,,,,,
138,,,,,,,"('lumberjackcharmt1', 1)",,,,,,,,,,,,,,,,,,,,,,"('turkeybreastt1', 1)",,,,,,,,,,,,,,,,,,,,,,,,,,,,,,,,,,,,,,,,,,,,,,,,,,,,,,,,,,
139,,,,,,,"('jewelcraftercharmt3', 1)",,,,,,,,,,,,,,,,,,,,,,"('porkt1', 1)",,,,,,,,,,,,,,,,,,,,,,,,,,,,,,,,,,,,,,,,,,,,,,,,,,,,,,,,,,
140,,,,,,,"('jewelcraftercharmt2', 1)",,,,,,,,,,,,,,,,,,,,,,"('venisont1', 1)",,,,,,,,,,,,,,,,,,,,,,,,,,,,,,,,,,,,,,,,,,,,,,,,,,,,,,,,,,
141,,,,,,,"('jewelcraftercharmt1', 1)",,,,,,,,,,,,,,,,,,,,,,"('meatgamet1', 1)",,,,,,,,,,,,,,,,,,,,,,,,,,,,,,,,,,,,,,,,,,,,,,,,,,,,,,,,,,
142,,,,,,,"('ironwoodsapt3', 1)",,,,,,,,,,,,,,,,,,,,,,,,,,,,,,,,,,,,,,,,,,,,,,,,,,,,,,,,,,,,,,,,,,,,,,,,,,,,,,,,
143,,,,,,,"('ironwoodsapt2', 1)",,,,,,,,,,,,,,,,,,,,,,,,,,,,,,,,,,,,,,,,,,,,,,,,,,,,,,,,,,,,,,,,,,,,,,,,,,,,,,,,
144,,,,,,,"('ironwoodsapt1', 1)",,,,,,,,,,,,,,,,,,,,,,,,,,,,,,,,,,,,,,,,,,,,,,,,,,,,,,,,,,,,,,,,,,,,,,,,,,,,,,,,
145,,,,,,,"('ironwoodresint3', 1)",,,,,,,,,,,,,,,,,,,,,,,,,,,,,,,,,,,,,,,,,,,,,,,,,,,,,,,,,,,,,,,,,,,,,,,,,,,,,,,,
146,,,,,,,"('ironwoodresint2', 1)",,,,,,,,,,,,,,,,,,,,,,,,,,,,,,,,,,,,,,,,,,,,,,,,,,,,,,,,,,,,,,,,,,,,,,,,,,,,,,,,
147,,,,,,,"('ironwoodresint1', 1)",,,,,,,,,,,,,,,,,,,,,,,,,,,,,,,,,,,,,,,,,,,,,,,,,,,,,,,,,,,,,,,,,,,,,,,,,,,,,,,,
148,,,,,,,"('hornt3', 1)",,,,,,,,,,,,,,,,,,,,,,,,,,,,,,,,,,,,,,,,,,,,,,,,,,,,,,,,,,,,,,,,,,,,,,,,,,,,,,,,
149,,,,,,,"('hornt2', 1)",,,,,,,,,,,,,,,,,,,,,,,,,,,,,,,,,,,,,,,,,,,,,,,,,,,,,,,,,,,,,,,,,,,,,,,,,,,,,,,,
150,,,,,,,"('hornt1', 1)",,,,,,,,,,,,,,,,,,,,,,,,,,,,,,,,,,,,,,,,,,,,,,,,,,,,,,,,,,,,,,,,,,,,,,,,,,,,,,,,
151,,,,,,,"('holywatert3', 1)",,,,,,,,,,,,,,,,,,,,,,,,,,,,,,,,,,,,,,,,,,,,,,,,,,,,,,,,,,,,,,,,,,,,,,,,,,,,,,,,
152,,,,,,,"('holywatert2', 1)",,,,,,,,,,,,,,,,,,,,,,,,,,,,,,,,,,,,,,,,,,,,,,,,,,,,,,,,,,,,,,,,,,,,,,,,,,,,,,,,
153,,,,,,,"('holywatert1', 1)",,,,,,,,,,,,,,,,,,,,,,,,,,,,,,,,,,,,,,,,,,,,,,,,,,,,,,,,,,,,,,,,,,,,,,,,,,,,,,,,
154,,,,,,,"('frozenfangt3', 1)",,,,,,,,,,,,,,,,,,,,,,,,,,,,,,,,,,,,,,,,,,,,,,,,,,,,,,,,,,,,,,,,,,,,,,,,,,,,,,,,
155,,,,,,,"('frozenfangt2', 1)",,,,,,,,,,,,,,,,,,,,,,,,,,,,,,,,,,,,,,,,,,,,,,,,,,,,,,,,,,,,,,,,,,,,,,,,,,,,,,,,
156,,,,,,,"('frozenfangt1', 1)",,,,,,,,,,,,,,,,,,,,,,,,,,,,,,,,,,,,,,,,,,,,,,,,,,,,,,,,,,,,,,,,,,,,,,,,,,,,,,,,
157,,,,,,,"('fangt3', 1)",,,,,,,,,,,,,,,,,,,,,,,,,,,,,,,,,,,,,,,,,,,,,,,,,,,,,,,,,,,,,,,,,,,,,,,,,,,,,,,,
158,,,,,,,"('fangt2', 1)",,,,,,,,,,,,,,,,,,,,,,,,,,,,,,,,,,,,,,,,,,,,,,,,,,,,,,,,,,,,,,,,,,,,,,,,,,,,,,,,
159,,,,,,,"('fangt1', 1)",,,,,,,,,,,,,,,,,,,,,,,,,,,,,,,,,,,,,,,,,,,,,,,,,,,,,,,,,,,,,,,,,,,,,,,,,,,,,,,,
160,,,,,,,"('engineercharmt3', 1)",,,,,,,,,,,,,,,,,,,,,,,,,,,,,,,,,,,,,,,,,,,,,,,,,,,,,,,,,,,,,,,,,,,,,,,,,,,,,,,,
161,,,,,,,"('engineercharmt2', 1)",,,,,,,,,,,,,,,,,,,,,,,,,,,,,,,,,,,,,,,,,,,,,,,,,,,,,,,,,,,,,,,,,,,,,,,,,,,,,,,,
162,,,,,,,"('engineercharmt1', 1)",,,,,,,,,,,,,,,,,,,,,,,,,,,,,,,,,,,,,,,,,,,,,,,,,,,,,,,,,,,,,,,,,,,,,,,,,,,,,,,,
163,,,,,,,"('enchantedeartht3', 1)",,,,,,,,,,,,,,,,,,,,,,,,,,,,,,,,,,,,,,,,,,,,,,,,,,,,,,,,,,,,,,,,,,,,,,,,,,,,,,,,
164,,,,,,,"('enchantedeartht2', 1)",,,,,,,,,,,,,,,,,,,,,,,,,,,,,,,,,,,,,,,,,,,,,,,,,,,,,,,,,,,,,,,,,,,,,,,,,,,,,,,,
165,,,,,,,"('enchantedeartht1', 1)",,,,,,,,,,,,,,,,,,,,,,,,,,,,,,,,,,,,,,,,,,,,,,,,,,,,,,,,,,,,,,,,,,,,,,,,,,,,,,,,
166,,,,,,,"('elkhooft3', 1)",,,,,,,,,,,,,,,,,,,,,,,,,,,,,,,,,,,,,,,,,,,,,,,,,,,,,,,,,,,,,,,,,,,,,,,,,,,,,,,,
167,,,,,,,"('elkhooft2', 1)",,,,,,,,,,,,,,,,,,,,,,,,,,,,,,,,,,,,,,,,,,,,,,,,,,,,,,,,,,,,,,,,,,,,,,,,,,,,,,,,
168,,,,,,,"('elkhooft1', 1)",,,,,,,,,,,,,,,,,,,,,,,,,,,,,,,,,,,,,,,,,,,,,,,,,,,,,,,,,,,,,,,,,,,,,,,,,,,,,,,,
169,,,,,,,"('ectoplasmt3', 1)",,,,,,,,,,,,,,,,,,,,,,,,,,,,,,,,,,,,,,,,,,,,,,,,,,,,,,,,,,,,,,,,,,,,,,,,,,,,,,,,
170,,,,,,,"('ectoplasmt2', 1)",,,,,,,,,,,,,,,,,,,,,,,,,,,,,,,,,,,,,,,,,,,,,,,,,,,,,,,,,,,,,,,,,,,,,,,,,,,,,,,,
171,,,,,,,"('ectoplasmt1', 1)",,,,,,,,,,,,,,,,,,,,,,,,,,,,,,,,,,,,,,,,,,,,,,,,,,,,,,,,,,,,,,,,,,,,,,,,,,,,,,,,
172,,,,,,,"('crystalizedectoplasmt3', 1)",,,,,,,,,,,,,,,,,,,,,,,,,,,,,,,,,,,,,,,,,,,,,,,,,,,,,,,,,,,,,,,,,,,,,,,,,,,,,,,,
173,,,,,,,"('crystalizedectoplasmt2', 1)",,,,,,,,,,,,,,,,,,,,,,,,,,,,,,,,,,,,,,,,,,,,,,,,,,,,,,,,,,,,,,,,,,,,,,,,,,,,,,,,
174,,,,,,,"('crystalizedectoplasmt1', 1)",,,,,,,,,,,,,,,,,,,,,,,,,,,,,,,,,,,,,,,,,,,,,,,,,,,,,,,,,,,,,,,,,,,,,,,,,,,,,,,,
175,,,,,,,"('crystalizedazotht3', 1)",,,,,,,,,,,,,,,,,,,,,,,,,,,,,,,,,,,,,,,,,,,,,,,,,,,,,,,,,,,,,,,,,,,,,,,,,,,,,,,,
176,,,,,,,"('crystalizedazotht2', 1)",,,,,,,,,,,,,,,,,,,,,,,,,,,,,,,,,,,,,,,,,,,,,,,,,,,,,,,,,,,,,,,,,,,,,,,,,,,,,,,,
177,,,,,,,"('crystalizedazotht1', 1)",,,,,,,,,,,,,,,,,,,,,,,,,,,,,,,,,,,,,,,,,,,,,,,,,,,,,,,,,,,,,,,,,,,,,,,,,,,,,,,,
178,,,,,,,"('crystalt3', 1)",,,,,,,,,,,,,,,,,,,,,,,,,,,,,,,,,,,,,,,,,,,,,,,,,,,,,,,,,,,,,,,,,,,,,,,,,,,,,,,,
179,,,,,,,"('crystalt2', 1)",,,,,,,,,,,,,,,,,,,,,,,,,,,,,,,,,,,,,,,,,,,,,,,,,,,,,,,,,,,,,,,,,,,,,,,,,,,,,,,,
180,,,,,,,"('crystalt1', 1)",,,,,,,,,,,,,,,,,,,,,,,,,,,,,,,,,,,,,,,,,,,,,,,,,,,,,,,,,,,,,,,,,,,,,,,,,,,,,,,,
181,,,,,,,"('corruptedsigilt3', 1)",,,,,,,,,,,,,,,,,,,,,,,,,,,,,,,,,,,,,,,,,,,,,,,,,,,,,,,,,,,,,,,,,,,,,,,,,,,,,,,,
182,,,,,,,"('corruptedsigilt2', 1)",,,,,,,,,,,,,,,,,,,,,,,,,,,,,,,,,,,,,,,,,,,,,,,,,,,,,,,,,,,,,,,,,,,,,,,,,,,,,,,,
183,,,,,,,"('corruptedsigilt1', 1)",,,,,,,,,,,,,,,,,,,,,,,,,,,,,,,,,,,,,,,,,,,,,,,,,,,,,,,,,,,,,,,,,,,,,,,,,,,,,,,,
184,,,,,,,"('corruptedmattert3', 1)",,,,,,,,,,,,,,,,,,,,,,,,,,,,,,,,,,,,,,,,,,,,,,,,,,,,,,,,,,,,,,,,,,,,,,,,,,,,,,,,
185,,,,,,,"('corruptedmattert2', 1)",,,,,,,,,,,,,,,,,,,,,,,,,,,,,,,,,,,,,,,,,,,,,,,,,,,,,,,,,,,,,,,,,,,,,,,,,,,,,,,,
186,,,,,,,"('corruptedmattert1', 1)",,,,,,,,,,,,,,,,,,,,,,,,,,,,,,,,,,,,,,,,,,,,,,,,,,,,,,,,,,,,,,,,,,,,,,,,,,,,,,,,
187,,,,,,,"('corruptedinsigniat3', 1)",,,,,,,,,,,,,,,,,,,,,,,,,,,,,,,,,,,,,,,,,,,,,,,,,,,,,,,,,,,,,,,,,,,,,,,,,,,,,,,,
188,,,,,,,"('corruptedinsigniat2', 1)",,,,,,,,,,,,,,,,,,,,,,,,,,,,,,,,,,,,,,,,,,,,,,,,,,,,,,,,,,,,,,,,,,,,,,,,,,,,,,,,
189,,,,,,,"('corruptedinsigniat1', 1)",,,,,,,,,,,,,,,,,,,,,,,,,,,,,,,,,,,,,,,,,,,,,,,,,,,,,,,,,,,,,,,,,,,,,,,,,,,,,,,,
190,,,,,,,"('corruptedichort3', 1)",,,,,,,,,,,,,,,,,,,,,,,,,,,,,,,,,,,,,,,,,,,,,,,,,,,,,,,,,,,,,,,,,,,,,,,,,,,,,,,,
191,,,,,,,"('corruptedichort2', 1)",,,,,,,,,,,,,,,,,,,,,,,,,,,,,,,,,,,,,,,,,,,,,,,,,,,,,,,,,,,,,,,,,,,,,,,,,,,,,,,,
192,,,,,,,"('corruptedichort1', 1)",,,,,,,,,,,,,,,,,,,,,,,,,,,,,,,,,,,,,,,,,,,,,,,,,,,,,,,,,,,,,,,,,,,,,,,,,,,,,,,,
193,,,,,,,"('corruptedessencet3', 1)",,,,,,,,,,,,,,,,,,,,,,,,,,,,,,,,,,,,,,,,,,,,,,,,,,,,,,,,,,,,,,,,,,,,,,,,,,,,,,,,
194,,,,,,,"('corruptedessencet2', 1)",,,,,,,,,,,,,,,,,,,,,,,,,,,,,,,,,,,,,,,,,,,,,,,,,,,,,,,,,,,,,,,,,,,,,,,,,,,,,,,,
195,,,,,,,"('corruptedessencet1', 1)",,,,,,,,,,,,,,,,,,,,,,,,,,,,,,,,,,,,,,,,,,,,,,,,,,,,,,,,,,,,,,,,,,,,,,,,,,,,,,,,
196,,,,,,,"('corruptedclotht3', 1)",,,,,,,,,,,,,,,,,,,,,,,,,,,,,,,,,,,,,,,,,,,,,,,,,,,,,,,,,,,,,,,,,,,,,,,,,,,,,,,,
197,,,,,,,"('corruptedclotht2', 1)",,,,,,,,,,,,,,,,,,,,,,,,,,,,,,,,,,,,,,,,,,,,,,,,,,,,,,,,,,,,,,,,,,,,,,,,,,,,,,,,
198,,,,,,,"('corruptedclotht1', 1)",,,,,,,,,,,,,,,,,,,,,,,,,,,,,,,,,,,,,,,,,,,,,,,,,,,,,,,,,,,,,,,,,,,,,,,,,,,,,,,,
199,,,,,,,"('consecratediront3', 1)",,,,,,,,,,,,,,,,,,,,,,,,,,,,,,,,,,,,,,,,,,,,,,,,,,,,,,,,,,,,,,,,,,,,,,,,,,,,,,,,
200,,,,,,,"('consecratediront2', 1)",,,,,,,,,,,,,,,,,,,,,,,,,,,,,,,,,,,,,,,,,,,,,,,,,,,,,,,,,,,,,,,,,,,,,,,,,,,,,,,,
201,,,,,,,"('consecratediront1', 1)",,,,,,,,,,,,,,,,,,,,,,,,,,,,,,,,,,,,,,,,,,,,,,,,,,,,,,,,,,,,,,,,,,,,,,,,,,,,,,,,
202,,,,,,,"('cobaltt3', 1)",,,,,,,,,,,,,,,,,,,,,,,,,,,,,,,,,,,,,,,,,,,,,,,,,,,,,,,,,,,,,,,,,,,,,,,,,,,,,,,,
203,,,,,,,"('cobaltt2', 1)",,,,,,,,,,,,,,,,,,,,,,,,,,,,,,,,,,,,,,,,,,,,,,,,,,,,,,,,,,,,,,,,,,,,,,,,,,,,,,,,
204,,,,,,,"('cobaltt1', 1)",,,,,,,,,,,,,,,,,,,,,,,,,,,,,,,,,,,,,,,,,,,,,,,,,,,,,,,,,,,,,,,,,,,,,,,,,,,,,,,,
205,,,,,,,"('clawt3', 1)",,,,,,,,,,,,,,,,,,,,,,,,,,,,,,,,,,,,,,,,,,,,,,,,,,,,,,,,,,,,,,,,,,,,,,,,,,,,,,,,
206,,,,,,,"('clawt2', 1)",,,,,,,,,,,,,,,,,,,,,,,,,,,,,,,,,,,,,,,,,,,,,,,,,,,,,,,,,,,,,,,,,,,,,,,,,,,,,,,,
207,,,,,,,"('clawt1', 1)",,,,,,,,,,,,,,,,,,,,,,,,,,,,,,,,,,,,,,,,,,,,,,,,,,,,,,,,,,,,,,,,,,,,,,,,,,,,,,,,
208,,,,,,,"('chefcharmt3', 1)",,,,,,,,,,,,,,,,,,,,,,,,,,,,,,,,,,,,,,,,,,,,,,,,,,,,,,,,,,,,,,,,,,,,,,,,,,,,,,,,
209,,,,,,,"('chefcharmt2', 1)",,,,,,,,,,,,,,,,,,,,,,,,,,,,,,,,,,,,,,,,,,,,,,,,,,,,,,,,,,,,,,,,,,,,,,,,,,,,,,,,
210,,,,,,,"('chefcharmt1', 1)",,,,,,,,,,,,,,,,,,,,,,,,,,,,,,,,,,,,,,,,,,,,,,,,,,,,,,,,,,,,,,,,,,,,,,,,,,,,,,,,
211,,,,,,,"('botanistcharmt3', 1)",,,,,,,,,,,,,,,,,,,,,,,,,,,,,,,,,,,,,,,,,,,,,,,,,,,,,,,,,,,,,,,,,,,,,,,,,,,,,,,,
212,,,,,,,"('botanistcharmt2', 1)",,,,,,,,,,,,,,,,,,,,,,,,,,,,,,,,,,,,,,,,,,,,,,,,,,,,,,,,,,,,,,,,,,,,,,,,,,,,,,,,
213,,,,,,,"('botanistcharmt1', 1)",,,,,,,,,,,,,,,,,,,,,,,,,,,,,,,,,,,,,,,,,,,,,,,,,,,,,,,,,,,,,,,,,,,,,,,,,,,,,,,,
214,,,,,,,"('boartuskt3', 1)",,,,,,,,,,,,,,,,,,,,,,,,,,,,,,,,,,,,,,,,,,,,,,,,,,,,,,,,,,,,,,,,,,,,,,,,,,,,,,,,
215,,,,,,,"('boartuskt2', 1)",,,,,,,,,,,,,,,,,,,,,,,,,,,,,,,,,,,,,,,,,,,,,,,,,,,,,,,,,,,,,,,,,,,,,,,,,,,,,,,,
216,,,,,,,"('boartuskt1', 1)",,,,,,,,,,,,,,,,,,,,,,,,,,,,,,,,,,,,,,,,,,,,,,,,,,,,,,,,,,,,,,,,,,,,,,,,,,,,,,,,
217,,,,,,,"('boarhooft3', 1)",,,,,,,,,,,,,,,,,,,,,,,,,,,,,,,,,,,,,,,,,,,,,,,,,,,,,,,,,,,,,,,,,,,,,,,,,,,,,,,,
218,,,,,,,"('boarhooft2', 1)",,,,,,,,,,,,,,,,,,,,,,,,,,,,,,,,,,,,,,,,,,,,,,,,,,,,,,,,,,,,,,,,,,,,,,,,,,,,,,,,
219,,,,,,,"('boarhooft1', 1)",,,,,,,,,,,,,,,,,,,,,,,,,,,,,,,,,,,,,,,,,,,,,,,,,,,,,,,,,,,,,,,,,,,,,,,,,,,,,,,,
220,,,,,,,"('bearpawt3', 1)",,,,,,,,,,,,,,,,,,,,,,,,,,,,,,,,,,,,,,,,,,,,,,,,,,,,,,,,,,,,,,,,,,,,,,,,,,,,,,,,
221,,,,,,,"('bearpawt2', 1)",,,,,,,,,,,,,,,,,,,,,,,,,,,,,,,,,,,,,,,,,,,,,,,,,,,,,,,,,,,,,,,,,,,,,,,,,,,,,,,,
222,,,,,,,"('bearpawt1', 1)",,,,,,,,,,,,,,,,,,,,,,,,,,,,,,,,,,,,,,,,,,,,,,,,,,,,,,,,,,,,,,,,,,,,,,,,,,,,,,,,
223,,,,,,,"('batrachitet3', 1)",,,,,,,,,,,,,,,,,,,,,,,,,,,,,,,,,,,,,,,,,,,,,,,,,,,,,,,,,,,,,,,,,,,,,,,,,,,,,,,,
224,,,,,,,"('batrachitet2', 1)",,,,,,,,,,,,,,,,,,,,,,,,,,,,,,,,,,,,,,,,,,,,,,,,,,,,,,,,,,,,,,,,,,,,,,,,,,,,,,,,
225,,,,,,,"('batrachitet1', 1)",,,,,,,,,,,,,,,,,,,,,,,,,,,,,,,,,,,,,,,,,,,,,,,,,,,,,,,,,,,,,,,,,,,,,,,,,,,,,,,,
226,,,,,,,"('baetylust3', 1)",,,,,,,,,,,,,,,,,,,,,,,,,,,,,,,,,,,,,,,,,,,,,,,,,,,,,,,,,,,,,,,,,,,,,,,,,,,,,,,,
227,,,,,,,"('baetylust2', 1)",,,,,,,,,,,,,,,,,,,,,,,,,,,,,,,,,,,,,,,,,,,,,,,,,,,,,,,,,,,,,,,,,,,,,,,,,,,,,,,,
228,,,,,,,"('baetylust1', 1)",,,,,,,,,,,,,,,,,,,,,,,,,,,,,,,,,,,,,,,,,,,,,,,,,,,,,,,,,,,,,,,,,,,,,,,,,,,,,,,,
229,,,,,,,"('azothoilt3', 1)",,,,,,,,,,,,,,,,,,,,,,,,,,,,,,,,,,,,,,,,,,,,,,,,,,,,,,,,,,,,,,,,,,,,,,,,,,,,,,,,
230,,,,,,,"('azothoilt2', 1)",,,,,,,,,,,,,,,,,,,,,,,,,,,,,,,,,,,,,,,,,,,,,,,,,,,,,,,,,,,,,,,,,,,,,,,,,,,,,,,,
231,,,,,,,"('azothoilt1', 1)",,,,,,,,,,,,,,,,,,,,,,,,,,,,,,,,,,,,,,,,,,,,,,,,,,,,,,,,,,,,,,,,,,,,,,,,,,,,,,,,
232,,,,,,,"('azaleanectart3', 1)",,,,,,,,,,,,,,,,,,,,,,,,,,,,,,,,,,,,,,,,,,,,,,,,,,,,,,,,,,,,,,,,,,,,,,,,,,,,,,,,
233,,,,,,,"('azaleanectart2', 1)",,,,,,,,,,,,,,,,,,,,,,,,,,,,,,,,,,,,,,,,,,,,,,,,,,,,,,,,,,,,,,,,,,,,,,,,,,,,,,,,
234,,,,,,,"('azaleanectart1', 1)",,,,,,,,,,,,,,,,,,,,,,,,,,,,,,,,,,,,,,,,,,,,,,,,,,,,,,,,,,,,,,,,,,,,,,,,,,,,,,,,
235,,,,,,,"('armorscrapst3', 1)",,,,,,,,,,,,,,,,,,,,,,,,,,,,,,,,,,,,,,,,,,,,,,,,,,,,,,,,,,,,,,,,,,,,,,,,,,,,,,,,
236,,,,,,,"('armorscrapst2', 1)",,,,,,,,,,,,,,,,,,,,,,,,,,,,,,,,,,,,,,,,,,,,,,,,,,,,,,,,,,,,,,,,,,,,,,,,,,,,,,,,
237,,,,,,,"('armorscrapst1', 1)",,,,,,,,,,,,,,,,,,,,,,,,,,,,,,,,,,,,,,,,,,,,,,,,,,,,,,,,,,,,,,,,,,,,,,,,,,,,,,,,
238,,,,,,,"('armorercharmt3', 1)",,,,,,,,,,,,,,,,,,,,,,,,,,,,,,,,,,,,,,,,,,,,,,,,,,,,,,,,,,,,,,,,,,,,,,,,,,,,,,,,
239,,,,,,,"('armorercharmt2', 1)",,,,,,,,,,,,,,,,,,,,,,,,,,,,,,,,,,,,,,,,,,,,,,,,,,,,,,,,,,,,,,,,,,,,,,,,,,,,,,,,
240,,,,,,,"('armorercharmt1', 1)",,,,,,,,,,,,,,,,,,,,,,,,,,,,,,,,,,,,,,,,,,,,,,,,,,,,,,,,,,,,,,,,,,,,,,,,,,,,,,,,
241,,,,,,,"('arcanistcharmt3', 1)",,,,,,,,,,,,,,,,,,,,,,,,,,,,,,,,,,,,,,,,,,,,,,,,,,,,,,,,,,,,,,,,,,,,,,,,,,,,,,,,
242,,,,,,,"('arcanistcharmt2', 1)",,,,,,,,,,,,,,,,,,,,,,,,,,,,,,,,,,,,,,,,,,,,,,,,,,,,,,,,,,,,,,,,,,,,,,,,,,,,,,,,
243,,,,,,,"('arcanistcharmt1', 1)",,,,,,,,,,,,,,,,,,,,,,,,,,,,,,,,,,,,,,,,,,,,,,,,,,,,,,,,,,,,,,,,,,,,,,,,,,,,,,,,
244,,,,,,,"('animust3', 1)",,,,,,,,,,,,,,,,,,,,,,,,,,,,,,,,,,,,,,,,,,,,,,,,,,,,,,,,,,,,,,,,,,,,,,,,,,,,,,,,
245,,,,,,,"('animust2', 1)",,,,,,,,,,,,,,,,,,,,,,,,,,,,,,,,,,,,,,,,,,,,,,,,,,,,,,,,,,,,,,,,,,,,,,,,,,,,,,,,
246,,,,,,,"('animust1', 1)",,,,,,,,,,,,,,,,,,,,,,,,,,,,,,,,,,,,,,,,,,,,,,,,,,,,,,,,,,,,,,,,,,,,,,,,,,,,,,,,
247,,,,,,,"('ancientessencet3', 1)",,,,,,,,,,,,,,,,,,,,,,,,,,,,,,,,,,,,,,,,,,,,,,,,,,,,,,,,,,,,,,,,,,,,,,,,,,,,,,,,
248,,,,,,,"('ancientessencet2', 1)",,,,,,,,,,,,,,,,,,,,,,,,,,,,,,,,,,,,,,,,,,,,,,,,,,,,,,,,,,,,,,,,,,,,,,,,,,,,,,,,
249,,,,,,,"('ancientessencet1', 1)",,,,,,,,,,,,,,,,,,,,,,,,,,,,,,,,,,,,,,,,,,,,,,,,,,,,,,,,,,,,,,,,,,,,,,,,,,,,,,,,
250,,,,,,,"('adderstonet3', 1)",,,,,,,,,,,,,,,,,,,,,,,,,,,,,,,,,,,,,,,,,,,,,,,,,,,,,,,,,,,,,,,,,,,,,,,,,,,,,,,,
251,,,,,,,"('adderstonet2', 1)",,,,,,,,,,,,,,,,,,,,,,,,,,,,,,,,,,,,,,,,,,,,,,,,,,,,,,,,,,,,,,,,,,,,,,,,,,,,,,,,
252,,,,,,,"('adderstonet1', 1)",,,,,,,,,,,,,,,,,,,,,,,,,,,,,,,,,,,,,,,,,,,,,,,,,,,,,,,,,,,,,,,,,,,,,,,,,,,,,,,,
253,,,,,,,"('adamantt3', 1)",,,,,,,,,,,,,,,,,,,,,,,,,,,,,,,,,,,,,,,,,,,,,,,,,,,,,,,,,,,,,,,,,,,,,,,,,,,,,,,,
254,,,,,,,"('adamantt2', 1)",,,,,,,,,,,,,,,,,,,,,,,,,,,,,,,,,,,,,,,,,,,,,,,,,,,,,,,,,,,,,,,,,,,,,,,,,,,,,,,,
255,,,,,,,"('adamantt1', 1)",,,,,,,,,,,,,,,,,,,,,,,,,,,,,,,,,,,,,,,,,,,,,,,,,,,,,,,,,,,,,,,,,,,,,,,,,,,,,,,,
